Workbook

Sheet Dashboard
A1: Dashboard
B3: Team naam | C3: S O K R A T E S
B4: GitHub repo url | C4: https://github.com/RichardStepanajtjs/AI-Project
B6: Overzicht Team
B7: Team lid | C7: Naam | D7: Gewerkt
B8: Team lid 1 | C8: Soufiane Koujil | D8: ='Sprint 0'!F31+'Sprint 1'!F31+'Sprint 2'!F31+'Sprint 3'!F31+'Sprint 4'!F31+'Sprint 5'!F31+'Sprint 6'!F31+'Sprint 7'!F31 -> 15.5
B9: Team lid 2 | C9: Angeles Osier | D9: ='Sprint 0'!G31+'Sprint 1'!G31+'Sprint 2'!G31+'Sprint 3'!G31+'Sprint 4'!G31+'Sprint 5'!G31+'Sprint 6'!G31+'Sprint 7'!G31 -> 14.5
B10: Team lid 3 | C10: Richard Stepanajtjs | D10: ='Sprint 0'!H31+'Sprint 1'!H31+'Sprint 2'!H31+'Sprint 3'!H31+'Sprint 4'!H31+'Sprint 5'!H31+'Sprint 6'!H31+'Sprint 7'!H31 -> 17.5
B11: Team lid 4
B13: Overzicht backlog
B14: Status | C14: Totaal aantal | D14: Aantal SP
B15: Todo | C15: =COUNTIF(Backlog!$I$4:$I$52, B15) -> 29 | D15: =SUMIF(Backlog!$I$4:$I$52, B15, Backlog!$G$4:$G$52) -> 172
B16: In progress | C16: =COUNTIF(Backlog!$I$4:$I$52, B16) -> 2 | D16: =SUMIF(Backlog!$I$4:$I$52, B16, Backlog!$G$4:$G$52) -> 11
B17: Done | C17: =COUNTIF(Backlog!$I$4:$I$52, B17) -> 2 | D17: =SUMIF(Backlog!$I$4:$I$52, B17, Backlog!$G$4:$G$52) -> 1.5
B18: Totaal | C18: =SUM(Table4[Totaal aantal]) -> 33 | D18: =SUM(Table4[Aantal SP]) -> 184.5

Sheet Epic overview
A1: Epic overview
A2: In deze template hebben we met Infofarm aangegeven welke features we opgeleverd verwachten aan het einde van dit project. Omdat we beseffen dat inschattingen steeds onzeker zijn hebben we deze opgesplitst in drie verschillende prioriteiten. MH - Must Haves: Deze features behoren tot de MVP en horen dus absoluut in de opgeleverde scope te zitten aan het einde van het traject. SH - Should Haves: Deze features zouden we er zeer graag bij hebben, ook al beseffen dat deze niet absoluut noodzakelijk zijn voor onze MVP. CH - Could Haves: Mochten jullie één of meerdere van deze features kunnen opleveren, zou je ons & onze klanten zeer blij maken! De bedoeling is dat jullie hier zorgen dat de epics worden aangevuld met userstories, tasks & eventueel extra epics. De informatie daarvoor kunnen jullie uit jullie blueprints halen. Al deze epics & userstories worden voor aanvang van sprint 1 gedocumenteerd in jullie Github project!
A10: Domain | B10: Epic ID | C10: Omschrijving | D10: Prioriteit | E10: Opmerkingen
A12: Zoeken en filteren | B12: REQ-F01 | C12: Functionaliteit om binnen de applicatie gericht te zoeken en data te filteren op relevante criteria. | D12: MH
A13: Gegevens ophalen | B13: REQ-F02 | C13: Het automatisch ophalen en synchroniseren van data uit de benodigde gegevensbronnen. | D13: MH
A14: Gebruikersbeheer & Authenticatie | B14: REQ-F03 | C14: Veilige toegang via login en het beheren van gebruikersrollen en bijbehorende rechten. | D14: MH
A15: CRM-integratie | B15: REQ-F04 | C15: Koppeling met een CRM-systeem voor een naadloze uitwisseling van prospectgegevens. | D15: CH | E15: Optioneel? We hebben hiervoor geen userstories.
A16: Prospectielijsten beheer | B16: REQ-F05 | C16: Het volledig beheren (aanmaken, inzien, bewerken en verwijderen) van lijsten met prospecten. | D16: MH
A17: Model (her)training | B17: REQ-F06 | C17: Het initieel trainen van het model op bedrijfsdata en het periodiek hertrainen voor optimale prestaties en zodat het up to date is. | D17: MH
A18: Cloudplatform | B18: REQ-F07 | C18: Hosting en configuratie van de volledige applicatie binnen een cloudomgeving. | D18: MH
A19: Setup development | B19: REQ-F08 | C19: Inrichten van de ontwikkelinfrastructuur, inclusief versiebeheer en deployment-pipelines. | D19: MH
A20: AI model toepassing | B20: REQ-F09 | C20: Implementatie van een AI-algoritme om prospecten automatisch te scoren en te rangschikken. | D20: MH
A21: Gebruiksvriendelijke interface | B21: REQ-NF01 | C21: Een intuïtief UI-design en een heldere handleiding voor een optimale gebruikerservaring. | D21: SH
A22: Formulier beheer | B22: REQ-NF02 | C22: Gebruik van gestandaardiseerde formulieren om consistente data-invoer te waarborgen. | D22: MH
A23: Rapporten beheer | B23: REQ-NF03 | C23: Genereren van periodieke rapportages en overzichten over de resultaten en modelprestaties. | D23: CH
A24: Feedback beheer | B24: REQ-NF04 | C24: Mogelijkheid voor gebruikers om feedback te geven op modeloutput ter verbetering van de accuratesse. | D24: CH

Sheet Backlog
A1: Product Backlog
L2: Statussen
A3: GH Issue ID | B3: Naam | C3: Epic ID | D3: Omschrijving | E3: Prioriteit | F3: Afhankelijkheden | G3: Story points | H3: Sprint | I3: Status | J3: Opmerkingen | L3: Todo
A4: GH-01 | B4: Database opstellen | C4: REQ-F07 | D4: Als salesmedewerker wil ik dat mijn prospectielijsten permanent worden opgeslagen, zodat ik mijn werk kan hervatten zonder gegevens te verliezen. | E4: High | F4: NONE | G4: 5 | I4: Todo | L4: In progress
A5: GH-02 | B5: Bedrijfsprofiel zoeken | C5: REQ-F01 | D5: Als gebruiker wil ik bedrijven kunnen zoeken zodat ik snel een bedrijfsprofiel kan vinden. | E5: High | F5: NONE | G5: 5 | I5: Todo | L5: Done
A6: GH-03 | B6: Lijst filteren | C6: REQ-F01 | D6: Als gebruiker wil ik zoekresultaten kunnen filteren op relevante tags, zodat ik gerichte prospectielijsten krijg. | E6: Low | F6: =A5 -> GH-02 | G6: 3 | I6: Todo
A7: GH-04 | B7: Database Update (bedrijven) | C7: REQ-F02 | D7: Als developer wil ik database-schema's automatisch worden bijgewerkt tijdens de deployment, zodat de data-structuur altijd in sync is met de applicatiecode. | E7: High | F7: =A19 -> GH-16 | G7: 8 | I7: Todo | L7: Prioriteiten
A8: GH-05 | B8: Database Update (vacatures) | C8: REQ-F02 | D8: Als developer wil ik database-schema's automatisch worden bijgewerkt tijdens de deployment, zodat de data-structuur altijd in sync is met de applicatiecode. | E8: High | F8: =A19 -> GH-16 | G8: 5 | I8: Todo | L8: High
A9: GH-06 | B9: Data engineering | C9: REQ-F02 | D9: Als data engineer wil ik dat ik data kan verwerken zodat de performantie van het model beter wordt. | E9: High | F9: GH-4, GH-5, GH-24 & GH-34 | G9: 13 | I9: Todo | L9: Medium
A10: GH-07 | B10: Inloggen | C10: REQ-F03 | D10: Als gebruiker wil ik veilig kunnen inloggen met mijn credentials zodat alleen ik toegang heb tot mijn data. | E10: Low | F10: =A11 -> GH-08 | G10: 2 | I10: Todo | L10: Low
A11: GH-08 | B11: Account creatie | C11: REQ-F03 | D11: Als beheerder wil ik een account maken zodat een gebruiker het kan gebruiken. | E11: Medium | F11: NONE | G11: 2 | I11: Todo
A12: GH-09 | B12: Rollen toewijzen | C12: REQ-F03 | D12: Als beheerder wil ik een rol toewijzen zodat de gebruiker bepaalde rechten heeft. | E12: Low | F12: =A11 -> GH-08 | G12: 2 | I12: Todo
A13: GH-10 | B13: Inloggegevens hash | C13: REQ-F03 | D13: Als gebruiker wil ik dat mijn persoonlijke inloggegevens gehashed wordt zodat het veilig opgeslaan is. | E13: High | F13: =A10 -> GH-07 | G13: 3 | I13: Todo
A14: GH-11 | B14: Prospectielijst opslaan | C14: REQ-F05 | D14: Als gebruiker wil ik mijn prospectielijsten opslaan zodat ik later het kan bekijken. | E14: Medium | F14: =A19 -> GH-16 | G14: 2 | I14: Todo
A15: GH-12 | B15: Prospectielijst bewerken | C15: REQ-F05 | D15: Als gebruiker wil ik mijn prospectielijsten bewerken zodat ik het kan aanpassen. | E15: Medium | F15: =A19 -> GH-16 | G15: 2 | I15: Todo
A16: GH-13 | B16: Prospectielijst verwijderen | C16: REQ-F05 | D16: Als gebruiker wil ik mijn prospectielijsten verwijderen zodat het verdwijnt. | E16: Low | F16: =A19 -> GH-16 | G16: 0.5 | I16: Todo
A17: GH-14 | B17: Hertraining model | C17: REQ-F06 | D17: Als beheerder wil ik het AI model kunnen bijwerken met nieuwe data zodat de voorspellingen relevant blijven. | E17: High | F17: =A29 -> GH-26 | G17: 40 | I17: Todo
A18: GH-15 | B18: Model versiebeheer | C18: REQ-F06 | D18: Als beheerder wil ik een versiebeheer van mijn model zodat ik een ander versie kan gebruiken. | E18: Medium | F18: =A29 -> GH-26 | G18: 5 | I18: Todo
A19: GH-16 | B19: Cloud Omgeving inrichten | C19: REQ-F07 | D19: Als developer wil ik een schaalbare cloud-omgeving inrichting, zodat de web app overal ter wereld bereikbaar is via het internet. | E19: High | F19: =A21 -> GH-18 | G19: 5 | I19: Todo
A20: GH-17 | B20: Secrets & Environment Variables | C20: REQ-F07 | D20: Als security specialist wil ik dat gevoelige gegevens veilig worden opgeslagen in een environment variables, zodat deze niet zichtbaar zijn in de broncode. | E20: High | F20: =A21 -> GH-18 | G20: 0.5 | I20: Todo
A21: GH-18 | B21: Containerisatie met Docker | C21: REQ-F07 | D21: Als developer wil ik de web applicatie verpakken in een Docker-container zodat de applicatie consistent functioneert in elke omgeving en we geen last hebben van verschillen in lokale serverconfiguraties. | E21: High | F21: NONE | G21: 8 | I21: Todo
A22: GH-19 | B22: Scrum planning opzetten | C22: REQ-F08 | D22: Als developer wil ik een duidelijke scrum planning zodat ik efficiënt kan werken. | E22: High | F22: NONE | G22: 8 | I22: In progress
A23: GH-20 | B23: Github repository opzetten | C23: REQ-F08 | D23: Als developer wil ik een versiebeheer zodat ik het kan delen met mijn mededevelopers. | E23: High | F23: NONE | G23: 0.5 | I23: Done
A24: GH-21 | B24: Blue print bespreking | C24: REQ-F08 | D24: Als developer wil ik een vaste blue print zodat er geen verwarring gebeurt. | E24: High | F24: NONE | G24: 1 | I24: Done
A25: GH-22 | B25: Github planning | C25: REQ-F08 | D25: Als developer wil ik een Scrumboard zodat ik een overzicht heb van alle taken. | E25: High | F25: NONE | G25: 1 | I25: Todo
A26: GH-23 | B26: Development omgeving | C26: REQ-F08 | D26: Als developer wil ik een development omgeving zodat we vaste versie werken. | E26: Medium | F26: NONE | G26: 3 | I26: In progress
A27: GH-24 | B27: Voyage API integratie | C27: REQ-F09 | D27: Als developer wil ik dat data omgezet wordt in embeddings zodat het model de data kan verwerken. | E27: High | F27: NONE | G27: 5 | I27: Todo
A28: GH-25 | B28: Ranking | C28: REQ-F09 | D28: Als developer wil ik dat er een algoritme is voor rankings zodat de resultaten gerangschikt worden. | E28: High | F28: NONE | G28: 8 | I28: Todo
A29: GH-26 | B29: Handleiding | C29: REQ-NF01 | D29: Als nieuwe gebruiker wil ik toegang tot een handleiding zodat ik zelfstandig kan starten zonder hulp. | E29: Low | F29: NONE | G29: 5 | I29: Todo
A30: GH-27 | B30: Hulp interface | C30: REQ-NF02 | D30: Als gebruiker wil ik leidraad zodat ik weet hoe alles werkt. | E30: Low | F30: NONE | G30: 2 | I30: Todo
A31: GH-28 | B31: Front-end | C31: REQ-NF02 | D31: Als gebruiker wil ik een mooi en eenvoudig interface zodat ik eenvoudig kan navigeren. | E31: Medium | F31: NONE | G31: 13 | I31: Todo
A32: GH-29 | B32: Product & klant formulier | C32: REQ-NF02 | D32: Als gebruiker wil ik een formulier invullen over mijn product of ideale werkgever zodat ik een gepersonaliseerde prospectielijst ontvang. | E32: High | F32: NONE | G32: 5 | I32: Todo
... A36: GH-33 | B36: Model feedback verwerken | C36: REQ-NF04 | D36: Als gebruiker wil ik feedback geven bij de prospects zodat het model persoonlijk op mij afgestemt is. | E36: Low | F36: GH-33 | G36: 8 | I36: Todo

Sheet Sprint 0
A1: Backlog Sprint 0
A3: 1. Sprint info | B3: Setup sprint
A5: Start: | B5: 46058
A6: Einde: | B6: 46076
A7: Aantal mandagen: | B7: 3 | L7: Todo
A8: Streefgewicht: | L8: In progress
A9: Gepland gewicht: | B9: 32 | L9: Done
A11: Sprintdoel
A12: Doel van deze sprint is de setup te doen van waaruit het eigenlijke development en configuratiewerk kan gebeuren.
A14: 2. Sprint backlog
F15: Gewerkt aantal uren | L15: Team lid 1 | M15: Soufiane Koujil
A16: GH Issue ID | B16: Naam | C16: Story points | D16: Verantwoordelijke | E16: Status | F16: Teamlid 1 | G16: Teamlid 2 | H16: Teamlid 3 | I16: Teamlid 4 | J16: Opmerkingen | L16: Team lid 2 | M16: Angeles Osier
A17: GH-19 | B17: Scrum planning opzetten | C17: 8 | D17: Soufiane, Richard & Angeles | E17: Done | F17: 9.5 | G17: 9.5 | H17: 9.5 | J17: 2 lessen + 2 meetings | L17: Team lid 3 | M17: Richard Stepanajtjs
A18: GH-20 | B18: Github repository opzetten | C18: 0.5 | D18: Richard | E18: Done | H18: 0.5
A19: GH-21 | B19: Blue print bespreking | C19: 1 | D19: Soufiane, Richard & Angeles | E19: Done | F19: 1 | G19: 1 | H19: 1
A20: GH-22 | B20: Github planning | C20: 1 | D20: Angeles | E20: Done | G20: 1
A21: GH-23 | B21: Development omgeving | C21: 3 | D21: Soufiane | E21: Done | F21: 2
A22: GH-17 | B22: Secrets & Environment Variables | C22: 0.5 | D22: Richard | E22: Done | H22: 0.5
A23: GH-18 | B23: Containerisatie met Docker | C23: 8 | D23: Richard | E23: Done | F23: 1 | H23: 6
A24: GH-16 | B24: Cloud Omgeving inrichten | C24: 5 | D24: Angeles | E24: Done | G24: 3
A25: GH-01 | B25: Database opstellen | C25: 5 | D25: Soufiane | E25: Done | F25: 2
E31: Totaal | F31: =SUM(F17:F30) -> 15.5 | G31: =SUM(G17:G30) -> 14.5 | H31: =SUM(H17:H30) -> 17.5 | I31: =SUM(I17:I30) -> 0
A33: 3. Bemerkingen Sprint
A35: Nr | B35: Bemerking
A36: 1.
A37: 2.
A38: 3.
A39: 4.
A40: 5.
A41: 6.
A42: 7.
A43: 8.
A44: 9.
A45: 10.

Sheet Sprint 1
A1: Backlog Sprint 1
A3: 1. Sprint info
A5: Start:
A6: Einde:
A7: Aantal mandagen:
A8: Streefgewicht:
A9: Gepland gewicht:
A11: Sprintdoel
A14: 2. Sprint backlog
F15: Gewerkt aantal uren
A16: GH Issue ID | B16: Naam | C16: Story points | D16: Verantwoordelijke | E16: Status | F16: Teamlid 1 | G16: Teamlid 2 | H16: Teamlid 3 | I16: Teamlid 4 | J16: Opmerkingen
E31: Totaal | F31: =SUM(F17:F30) -> 0 | G31: =SUM(G17:G30) -> 0 | H31: =SUM(H17:H30) -> 0 | I31: =SUM(I17:I30) -> 0
A33: 3. Bemerkingen Sprint
A35: Nr | B35: Bemerking
A36: 1.
A37: 2.
A38: 3.
A39: 4.
A40: 5.
A41: 6.
A42: 7.
A43: 8.
A44: 9.
A45: 10.

Sheet Sprint 2
A1: Backlog Sprint 2
A3: 1. Sprint info
A5: Start:
A6: Einde:
A7: Aantal mandagen:
A8: Streefgewicht:
A9: Gepland gewicht:
A11: Sprintdoel
A14: 2. Sprint backlog
F15: Gewerkt aantal uren
A16: GH Issue ID | B16: Naam | C16: Story points | D16: Verantwoordelijke | E16: Status | F16: Teamlid 1 | G16: Teamlid 2 | H16: Teamlid 3 | I16: Teamlid 4 | J16: Opmerkingen
E31: Totaal | F31: =SUM(F17:F30) -> 0 | G31: =SUM(G17:G30) -> 0 | H31: =SUM(H17:H30) -> 0 | I31: =SUM(I17:I30) -> 0
A33: 3. Bemerkingen Sprint
A35: Nr | B35: Bemerking
A36: 1.
A37: 2.
A38: 3.
A39: 4.
A40: 5.
A41: 6.
A42: 7.
A43: 8.
A44: 9.
A45: 10.

Sheet Sprint 3
A1: Backlog Sprint 3
A3: 1. Sprint info
A5: Start:
A6: Einde:
A7: Aantal mandagen:
A8: Streefgewicht:
A9: Gepland gewicht:
A11: Sprintdoel
A14: 2. Sprint backlog
F15: Gewerkt aantal uren
A16: GH Issue ID | B16: Naam | C16: Story points | D16: Verantwoordelijke | E16: Status | F16: Teamlid 1 | G16: Teamlid 2 | H16: Teamlid 3 | I16: Teamlid 4 | J16: Opmerkingen
E31: Totaal | F31: =SUM(F17:F30) -> 0 | G31: =SUM(G17:G30) -> 0 | H31: =SUM(H17:H30) -> 0 | I31: =SUM(I17:I30) -> 0
A33: 3. Bemerkingen Sprint
A35: Nr | B35: Bemerking
A36: 1.
A37: 2.
A38: 3.
A39: 4.
A40: 5.
A41: 6.
A42: 7.
A43: 8.
A44: 9.
A45: 10.

Sheet Sprint 4
A1: Backlog Sprint 4
A3: 1. Sprint info
A5: Start:
A6: Einde:
A7: Aantal mandagen:
A8: Streefgewicht:
A9: Gepland gewicht:
A11: Sprintdoel
A14: 2. Sprint backlog
F15: Gewerkt aantal uren
A16: GH Issue ID | B16: Naam | C16: Story points | D16: Verantwoordelijke | E16: Status | F16: Teamlid 1 | G16: Teamlid 2 | H16: Teamlid 3 | I16: Teamlid 4 | J16: Opmerkingen
E31: Totaal | F31: =SUM(F17:F30) -> 0 | G31: =SUM(G17:G30) -> 0 | H31: =SUM(H17:H30) -> 0 | I31: =SUM(I17:I30) -> 0
A33: 3. Bemerkingen Sprint
A35: Nr | B35: Bemerking
A36: 1.
A37: 2.
A38: 3.
A39: 4.
A40: 5.
A41: 6.
A42: 7.
A43: 8.
A44: 9.
A45: 10.

Sheet Sprint 5
A1: Backlog Sprint 5
A3: 1. Sprint info
A5: Start:
A6: Einde:
A7: Aantal mandagen:
A8: Streefgewicht:
A9: Gepland gewicht:
A11: Sprintdoel
A14: 2. Sprint backlog
F15: Gewerkt aantal uren
A16: GH Issue ID | B16: Naam | C16: Story points | D16: Verantwoordelijke | E16: Status | F16: Teamlid 1 | G16: Teamlid 2 | H16: Teamlid 3 | I16: Teamlid 4 | J16: Opmerkingen
E31: Totaal | F31: =SUM(F17:F30) -> 0 | G31: =SUM(G17:G30) -> 0 | H31: =SUM(H17:H30) -> 0 | I31: =SUM(I17:I30) -> 0
A33: 3. Bemerkingen Sprint
A35: Nr | B35: Bemerking
A36: 1.
A37: 2.
A38: 3.
A39: 4.
A40: 5.
A41: 6.
A42: 7.
A43: 8.
A44: 9.
A45: 10.

Sheet Sprint 6
A1: Backlog Sprint 6
A3: 1. Sprint info
A5: Start:
A6: Einde:
A7: Aantal mandagen:
A8: Streefgewicht:
A9: Gepland gewicht:
A11: Sprintdoel
A14: 2. Sprint backlog
F15: Gewerkt aantal uren
A16: GH Issue ID | B16: Naam | C16: Story points | D16: Verantwoordelijke | E16: Status | F16: Teamlid 1 | G16: Teamlid 2 | H16: Teamlid 3 | I16: Teamlid 4 | J16: Opmerkingen
E31: Totaal | F31: =SUM(F17:F30) -> 0 | G31: =SUM(G17:G30) -> 0 | H31: =SUM(H17:H30) -> 0 | I31: =SUM(I17:I30) -> 0
A33: 3. Bemerkingen Sprint
A35: Nr | B35: Bemerking
A36: 1.
A37: 2.
A38: 3.
A39: 4.
A40: 5.
A41: 6.
A42: 7.
A43: 8.
A44: 9.
A45: 10.

Sheet Sprint 7
A1: Backlog Sprint 7
A3: 1. Sprint info
A5: Start:
A6: Einde:
A7: Aantal mandagen:
A8: Streefgewicht:
A9: Gepland gewicht:
A11: Sprintdoel
A14: 2. Sprint backlog
F15: Gewerkt aantal uren
A16: GH Issue ID | B16: Naam | C16: Story points | D16: Verantwoordelijke | E16: Status | F16: Teamlid 1 | G16: Teamlid 2 | H16: Teamlid 3 | I16: Teamlid 4 | J16: Opmerkingen
E31: Totaal | F31: =SUM(F17:F30) -> 0 | G31: =SUM(G17:G30) -> 0 | H31: =SUM(H17:H30) -> 0 | I31: =SUM(I17:I30) -> 0
A33: 3. Bemerkingen Sprint
A35: Nr | B35: Bemerking
A36: 1.
A37: 2.
A38: 3.
A39: 4.
A40: 5.
A41: 6.
A42: 7.
A43: 8.
A44: 9.
A45: 10.
